desertionNo,filename,happenDt,happenPlace,kindCd,colorCd,age,weight,noticeNo,noticeSdt,noticeSdt,popfile,processState,sexCd,neuterYn,specialMark,careNm,careTel,careAddr,orgNm,chargeNm,officetel
441405202201988,http://www.animal.go.kr/files/shelter/2022/07/202208011408211_s.jpg,2022-08-01,기흥구 동백8로 126 모아미래도 2단지,[고양이] 한국 고양이,치즈,2022(년생),0.16(Kg),경기-용인-2022-00441,2022-08-01,2022-08-11,http://www.animal.go.kr/files/shelter/2022/07/202208011408211.jpg,종료(기증),M,N,"2~3주령 추정, 수유가 필요한 아이",용인시 동물보호센터,031-324-3463,경기도 용인시 처인구 중부대로 1074-1 (삼가동) 용인시 동물보호센터,경기도 용인시,동물보호과,031-324-3463
441405202201987,http://www.animal.go.kr/files/shelter/2022/07/202208011408768_s.jpg,2022-08-01,기흥구 동백8로 126 모아미래도 2단지,[고양이] 한국 고양이,치즈,2022(년생),0.17(Kg),경기-용인-2022-00440,2022-08-01,2022-08-11,http://www.animal.go.kr/files/shelter/2022/07/202208011408768.jpg,종료(기증),M,N,"2~3주령 추정, 수유가 필요한 아이",용인시 동물보호센터,031-324-3463,경기도 용인시 처인구 중부대로 1074-1 (삼가동) 용인시 동물보호센터,경기도 용인시,동물보호과,031-324-3463
441405202201986,http://www.animal.go.kr/files/shelter/2022/07/202208011408614_s.jpg,2022-08-01,기흥구 동백8로 126 모아미래도 2단지,[고양이] 한국 고양이,치즈,2022(년생),0.2(Kg),경기-용인-2022-00439,2022-08-01,2022-08-11,http://www.animal.go.kr/files/shelter/2022/07/202208011408614.jpg,종료(기증),M,N,"2~3주령 추정, 수유가 필요한 아이",용인시 동물보호센터,031-324-3463,경기도 용인시 처인구 중부대로 1074-1 (삼가동) 용인시 동물보호센터,경기도 용인시,동물보호과,031-324-3463
441405202201985,http://www.animal.go.kr/files/shelter/2022/07/202208011308417_s.jpg,2022-08-01,처인구 남사읍 각궁로 252-76,[개] 믹스견,갈색,2022(년생),2.2(Kg),경기-용인-2022-00438,2022-08-01,2022-08-11,http://www.animal.go.kr/files/shelter/2022/07/202208011308417.jpg,종료(입양),F,N,"2개월령 추정, 약간 소심하지만 귀여운 아이",용인시 동물보호센터,031-324-3463,경기도 용인시 처인구 중부대로 1074-1 (삼가동) 용인시 동물보호센터,경기도 용인시,동물보호과,031-324-3463
441403202200313,http://www.animal.go.kr/files/shelter/2022/07/202208021208861_s.jpg,2022-08-01,포일동510-7부근,[고양이] 한국 고양이,흑백,2022(년생),0.5(Kg),경기-의왕-2022-00096,2022-08-01,2022-08-11,http://www.animal.go.kr/files/shelter/2022/07/202208021208861.jpg,종료(자연사),F,U,"안질환,순함",한국야생동물보호관리,031-296-0124,경기도 안산시 상록구 장상동 75-6,경기도 의왕시,의왕시청,031-345-2383
441402202200366,http://www.animal.go.kr/files/shelter/2022/07/202208021308210_s.jpg,2022-08-01,군포시청에서 인수,[개] 믹스견,갈백,2019(년생),4(Kg),경기-군포-2022-00181,2022-08-01,2022-08-11,http://www.animal.go.kr/files/shelter/2022/07/202208021308210.jpg,종료(반환),M,U,빨간목줄,한국야생동물보호협회,031-296-0124,경기도 안산시 상록구 청곡길 50 (부곡동),경기도 군포시,군포시 동물보호담당,031-390-0311
441401202200943,http://www.animal.go.kr/files/shelter/2022/07/202208011808749_s.jpg,2022-08-01,군자동 634-2,[개] 믹스견,아이보리,2021(년생),7(Kg),경기-시흥-2022-00458,2022-08-01,2022-08-11,http://www.animal.go.kr/files/shelter/2022/07/202208011808749.jpg,보호중,F,U,"겁이 많고 매우 말랐음, 사람에게 호의적인 편",시흥동물누리보호센터,031-310-6943,경기도 시흥시 뒷방울길 218 (정왕동),경기도 시흥시,최아름,031-310-2247
441401202200942,http://www.animal.go.kr/files/shelter/2022/07/202208011808685_s.jpg,2022-08-01,만해로 43,[개] 말티즈,흰색,2007(년생),1.8(Kg),경기-시흥-2022-00457,2022-08-01,2022-08-11,http://www.animal.go.kr/files/shelter/2022/07/202208011808685.jpg,보호중,F,U,"눈곱이 많이 낀 상태로 입소, 오른쪽 치아가 불편해보임, 겁이 많음",시흥동물누리보호센터,031-310-6943,경기도 시흥시 뒷방울길 218 (정왕동),경기도 시흥시,최아름,031-310-2247
441401202200941,http://www.animal.go.kr/files/shelter/2022/08/202208182108469_s.jpg,2022-08-01,뒷방울길 80,[개] 말티즈,흰색,2010(년생),5.2(Kg),경기-시흥-2022-00456,2022-08-01,2022-08-11,http://www.animal.go.kr/files/shelter/2022/08/202208182108469.png,보호중,F,N,"작은 얼굴에 비해 많이 통통함, 맹한 표정이 귀여움, 빨빨거리면서 잘 돌아다님",시흥동물누리보호센터,031-310-6943,경기도 시흥시 뒷방울길 218 (정왕동),경기도 시흥시,최아름,031-310-2247
441401202200940,http://www.animal.go.kr/files/shelter/2022/07/202208011808785_s.jpg,2022-08-01,거모동 1768-5,[개] 스피츠,흰색,2015(년생),7(Kg),경기-시흥-2022-00455,2022-08-01,2022-08-11,http://www.animal.go.kr/files/shelter/2022/07/202208011808785.jpg,종료(반환),M,N,입질있음. 터치에 대해 민감하게 반응,시흥동물누리보호센터,031-310-6943,경기도 시흥시 뒷방울길 218 (정왕동),경기도 시흥시,최아름,031-310-2247
441400202200306,http://www.animal.go.kr/files/shelter/2022/07/202208011508554_s.jpg,2022-08-01,원동119-129,[고양이] 한국 고양이,치즈,2022(년생),0.40(Kg),경기-오산-2022-00147,2022-08-01,2022-08-11,http://www.animal.go.kr/files/shelter/2022/07/202208011508554.jpg,종료(자연사),F,N,식욕결핍,오산 유기동물보호소,031-372-9325,경기도 오산시 성호대로 36 (오산동),경기도 오산시,김세연,031-8036-7643
441400202200305,http://www.animal.go.kr/files/shelter/2022/07/202208011508614_s.jpg,2022-08-01,성호대로141,[개] 믹스견,갈색,2022(년생),2.1(Kg),경기-오산-2022-00146,2022-08-01,2022-08-11,http://www.animal.go.kr/files/shelter/2022/07/202208011508614.jpg,보호중,M,N,"들개자견,전신 피부병 심함",오산 유기동물보호소,031-372-9325,경기도 오산시 성호대로 36 (오산동),경기도 오산시,김세연,031-8036-7643
441400202200304,http://www.animal.go.kr/files/shelter/2022/07/202208011508240_s.jpg,2022-08-01,성호대로141,[개] 믹스견,갈색,2022(년생),2.5(Kg),경기-오산-2022-00145,2022-08-01,2022-08-11,http://www.animal.go.kr/files/shelter/2022/07/202208011508240.jpg,보호중,M,N,"들개자견,전신 피부병 심함",오산 유기동물보호소,031-372-9325,경기도 오산시 성호대로 36 (오산동),경기도 오산시,김세연,031-8036-7643
441400202200303,http://www.animal.go.kr/files/shelter/2022/07/202208011408234_s.jpg,2022-08-01,지곶동120-12,[개] 믹스견,갈색,2017(년생),9(Kg),경기-오산-2022-00144,2022-08-01,2022-08-11,http://www.animal.go.kr/files/shelter/2022/07/202208011408234.jpg,보호중,F,U,"들개,포획틀 설치하여 포획함",오산 유기동물보호소,031-372-9325,경기도 오산시 성호대로 36 (오산동),경기도 오산시,김세연,031-8036-7643
441400202200302,http://www.animal.go.kr/files/shelter/2022/07/20220801100806_s.jpg,2022-08-01,성호대로141,[개] 믹스견,백색,2017(년생),15(Kg),경기-오산-2022-00143,2022-08-01,2022-08-11,http://www.animal.go.kr/files/shelter/2022/07/20220801100806.jpg,보호중,M,N,목줄없음,오산 유기동물보호소,031-372-9325,경기도 오산시 성호대로 36 (오산동),경기도 오산시,김세연,031-8036-7643
441399202201737,http://www.animal.go.kr/files/shelter/2022/07/202208011908814_s.jpg,2022-08-01,수동면,[개] 믹스견,흑갈색,2021(년생),6.5(Kg),경기-남양주-2022-00856,2022-08-01,2022-08-11,http://www.animal.go.kr/files/shelter/2022/07/202208011908814.jpg,종료(안락사),M,N,연두색 하네스을 착용함.,남양주동물보호협회,031-591-7270,"경기도 남양주시 금곡로 44 (금곡동, 성원빌딩) 1층",경기도 남양주시,남양주시,031-590-3991
441399202201736,http://www.animal.go.kr/files/shelter/2022/07/202208011908332_s.jpg,2022-08-01,조안면,[개] 믹스견,갈색,2018(년생),12.0(Kg),경기-남양주-2022-00855,2022-08-01,2022-08-11,http://www.animal.go.kr/files/shelter/2022/07/202208011908332.jpg,종료(안락사),F,U,피부병이 심함.,남양주동물보호협회,031-591-7270,"경기도 남양주시 금곡로 44 (금곡동, 성원빌딩) 1층",경기도 남양주시,남양주시,031-590-3991
441399202201735,http://www.animal.go.kr/files/shelter/2022/07/202208011908316_s.jpg,2022-08-01,조안면,[개] 믹스견,갈색,2018(년생),4.9(Kg),경기-남양주-2022-00854,2022-08-01,2022-08-11,http://www.animal.go.kr/files/shelter/2022/07/202208011908316.jpg,보호중,M,N,목줄없고 온순함.,남양주동물보호협회,031-591-7270,"경기도 남양주시 금곡로 44 (금곡동, 성원빌딩) 1층",경기도 남양주시,남양주시,031-590-3991
441399202201734,http://www.animal.go.kr/files/shelter/2022/07/202208011908979_s.jpg,2022-08-01,화도읍,[개] 스피츠,흰색,2019(년생),7.5(Kg),경기-남양주-2022-00853,2022-08-01,2022-08-11,http://www.animal.go.kr/files/shelter/2022/07/202208011908979.jpg,종료(반환),M,N,목줄없고 온순함.,남양주동물보호협회,031-591-7270,"경기도 남양주시 금곡로 44 (금곡동, 성원빌딩) 1층",경기도 남양주시,남양주시,031-590-3991
441399202201733,http://www.animal.go.kr/files/shelter/2022/07/202208011108886_s.jpg,2022-08-01,진접읍,[개] 푸들,흰색,2020(년생),5.2(Kg),경기-남양주-2022-00852,2022-08-01,2022-08-11,http://www.animal.go.kr/files/shelter/2022/07/202208011108886.jpg,종료(반환),M,Y,목줄없고 온순함.,남양주동물보호협회,031-591-7270,"경기도 남양주시 금곡로 44 (금곡동, 성원빌딩) 1층",경기도 남양주시,남양주시,031-590-3991
441399202201732,http://www.animal.go.kr/files/shelter/2022/07/202208011108467_s.jpg,2022-08-01,오남읍,[개] 푸들,갈색,2020(년생),4.5(Kg),경기-남양주-2022-00851,2022-08-01,2022-08-11,http://www.animal.go.kr/files/shelter/2022/07/202208011108467.jpg,종료(입양),F,U,목줄없고 온순함.,남양주동물보호협회,031-591-7270,"경기도 남양주시 금곡로 44 (금곡동, 성원빌딩) 1층",경기도 남양주시,남양주시,031-590-3991
441399202201731,http://www.animal.go.kr/files/shelter/2022/07/202208011008749_s.jpg,2022-08-01,해밀예당로,[고양이] 한국 고양이,흑갈줄무늬,2022(년생),1.6(Kg),경기-남양주-2022-00850,2022-08-01,2022-08-11,http://www.animal.go.kr/files/shelter/2022/07/202208011008749.jpg,보호중,M,N,"어린 고양이, 교통사고로 양쪽 대퇴골 골절",남양주동물보호협회,031-591-7270,"경기도 남양주시 금곡로 44 (금곡동, 성원빌딩) 1층",경기도 남양주시,남양주시,031-590-3991
441399202201730,http://www.animal.go.kr/files/shelter/2022/07/202208011008171_s.jpg,2022-08-01,양진로,[고양이] 한국 고양이,황백,2022(년생),0.4(Kg),경기-남양주-2022-00849,2022-08-01,2022-08-11,http://www.animal.go.kr/files/shelter/2022/07/202208011008171.jpg,종료(자연사),F,N,어린 고양이 빈사 상태,남양주동물보호협회,031-591-7270,"경기도 남양주시 금곡로 44 (금곡동, 성원빌딩) 1층",경기도 남양주시,남양주시,031-590-3991
441394202201525,http://www.animal.go.kr/files/shelter/2022/07/202208011408510_s.jpg,2022-08-01,화전동 522 부근,[개] 믹스견,흰색,2021(년생),15(Kg),경기-고양-2022-00558,2022-08-01,2022-08-11,http://www.animal.go.kr/files/shelter/2022/07/202208011408510.jpg,보호중,M,N,녹색목줄착용,고양시동물보호센터,031-962-3232,"경기도 고양시 덕양구 고양대로 1695 (원흥동, 고양시 농업기술센터) 고양시동물보호센터",경기도 고양시,조재현(유기동물보호),031-8075-4657
441394202201524,http://www.animal.go.kr/files/shelter/2022/07/20220801140877_s[1].jpg,2022-08-01,화전동 522 부근,[개] 믹스견,"검정,갈색,황색",2021(년생),12(Kg),경기-고양-2022-00557,2022-08-01,2022-08-11,http://www.animal.go.kr/files/shelter/2022/07/20220801140877.jpg,보호중,M,N,"녹색 목줄,쇠사슬 리드줄 착용",고양시동물보호센터,031-962-3232,"경기도 고양시 덕양구 고양대로 1695 (원흥동, 고양시 농업기술센터) 고양시동물보호센터",경기도 고양시,조재현(유기동물보호),031-8075-4657
441394202201523,http://www.animal.go.kr/files/shelter/2022/07/202208011408563_s.jpg,2022-08-01,관산동599-10,[개] 말티즈,흰색,2020(년생),4.7(Kg),경기-고양-2022-00556,2022-08-01,2022-08-11,http://www.animal.go.kr/files/shelter/2022/07/202208011408563.jpg,종료(반환),M,N,팬던트가 있는 쇠사슬 목줄 착용,고양시동물보호센터,031-962-3232,"경기도 고양시 덕양구 고양대로 1695 (원흥동, 고양시 농업기술센터) 고양시동물보호센터",경기도 고양시,조재현(유기동물보호),031-8075-4657
441394202201522,http://www.animal.go.kr/files/shelter/2022/07/202208011308125_s.jpg,2022-08-01,사리현동644-6 부근,[개] 믹스견,흰색,2022(년생),1.1(Kg),경기-고양-2022-00555,2022-08-01,2022-08-11,http://www.animal.go.kr/files/shelter/2022/07/202208011308125.jpg,보호중,F,N,강아지,고양시동물보호센터,031-962-3232,"경기도 고양시 덕양구 고양대로 1695 (원흥동, 고양시 농업기술센터) 고양시동물보호센터",경기도 고양시,조재현(유기동물보호),031-8075-4657
441394202201521,http://www.animal.go.kr/files/shelter/2022/07/20220801130824_s.jpg,2022-08-01,사리현동644-6 부근,[개] 믹스견,흰색,2022(년생),1.44(Kg),경기-고양-2022-00554,2022-08-01,2022-08-11,http://www.animal.go.kr/files/shelter/2022/07/20220801130824.jpg,보호중,F,N,강아지,고양시동물보호센터,031-962-3232,"경기도 고양시 덕양구 고양대로 1695 (원흥동, 고양시 농업기술센터) 고양시동물보호센터",경기도 고양시,조재현(유기동물보호),031-8075-4657
441394202201520,http://www.animal.go.kr/files/shelter/2022/07/20220801130853_s.jpg,2022-08-01,사리현동644-6 부근,[개] 믹스견,사리현동644-6 부근,2022(년생),1.22(Kg),경기-고양-2022-00553,2022-08-01,2022-08-11,http://www.animal.go.kr/files/shelter/2022/07/20220801130853.jpg,보호중,F,N,강아지,고양시동물보호센터,031-962-3232,"경기도 고양시 덕양구 고양대로 1695 (원흥동, 고양시 농업기술센터) 고양시동물보호센터",경기도 고양시,조재현(유기동물보호),031-8075-4657
441394202201519,http://www.animal.go.kr/files/shelter/2022/07/202208011308320_s.jpg,2022-08-01,사리현동 644-6부근,[개] 믹스견,"황색,검정",2022(년생),1.34(Kg),경기-고양-2022-00552,2022-08-01,2022-08-11,http://www.animal.go.kr/files/shelter/2022/07/202208011308320.jpg,보호중,M,N,강아지,고양시동물보호센터,031-962-3232,"경기도 고양시 덕양구 고양대로 1695 (원흥동, 고양시 농업기술센터) 고양시동물보호센터",경기도 고양시,조재현(유기동물보호),031-8075-4657
441394202201518,http://www.animal.go.kr/files/shelter/2022/07/202208011308669_s.jpg,2022-08-01,문봉동 232-23,[개] 믹스견,"황색,검정",2021(년생),10(Kg),경기-고양-2022-00551,2022-08-01,2022-08-11,http://www.animal.go.kr/files/shelter/2022/07/202208011308669.jpg,종료(입양),M,N,빨간목줄착용,고양시동물보호센터,031-962-3232,"경기도 고양시 덕양구 고양대로 1695 (원흥동, 고양시 농업기술센터) 고양시동물보호센터",경기도 고양시,조재현(유기동물보호),031-8075-4657
441393202201479,http://www.animal.go.kr/files/shelter/2022/07/202208021708128_s.jpg,2022-08-01,신길동 592-2 부근,[고양이] 믹스묘,흰색,2022(년생),4.7(Kg),경기-안산-2022-00766,2022-08-01,2022-08-16,http://www.animal.go.kr/files/shelter/2022/07/202208021708128.jpg,보호중,Q,U,전체적으로 깨끗하고 통통함,스타캣츠,031-410-3777,경기도 안산시 단원구 한양대학로 208 (고잔동) 2층 스타캣츠,경기도 안산시,안산시 농업정책과,031-481-2494
441393202201478,http://www.animal.go.kr/files/shelter/2022/07/202208021208688[1]_s.jpg,2022-08-01,대부남동3-528부근,[개] 푸들,백,2021(년생),3(Kg),경기-안산-2022-00765,2022-08-01,2022-08-11,http://www.animal.go.kr/files/shelter/2022/07/202208021208688[1].jpg,종료(입양),M,N,순함,한국야생동물보호협회,031-296-0124,경기도 안산시 상록구 청곡길 50 (부곡동) 안산시 상록구 부곡동 231-5,경기도 안산시,안산시 농업정책과,031-481-2494
441393202201477,http://www.animal.go.kr/files/shelter/2022/07/202208011208947_s.jpg,2022-08-01,본오동 861 부근,[개] 말티즈,백,2021(년생),4(Kg),경기-안산-2022-00764,2022-08-01,2022-08-11,http://www.animal.go.kr/files/shelter/2022/07/202208011208947.jpg,보호중,M,Y,"노란색옷(당근그림),겁이많음",한국야생동물보호협회,031-296-0124,경기도 안산시 상록구 청곡길 50 (부곡동) 안산시 상록구 부곡동 231-5,경기도 안산시,안산시 농업정책과,031-481-2494
441393202201476,http://www.animal.go.kr/files/shelter/2022/07/202208011208977_s.jpg,2022-08-01,건건동 635-13 부근,[고양이] 한국 고양이,올블랙,2022(년생),0.11(Kg),경기-안산-2022-00763,2022-08-01,2022-08-16,http://www.animal.go.kr/files/shelter/2022/07/202208011208977.jpg,종료(자연사),Q,N,머리부터 등부위에 파리알 감염. 많이 말랐음. 수유가 필요한 젖먹이,스타캣츠,031-410-3777,경기도 안산시 단원구 한양대학로 208 (고잔동) 2층 스타캣츠,경기도 안산시,안산시 농업정책과,031-481-2494
441391202201756,http://www.animal.go.kr/files/shelter/2022/07/202208011708741_s.jpg,2022-08-01,송탄동 : 가재동 414-1,[고양이] 믹스묘,고등어,2022(년생),0.4(Kg),경기-평택-2022-00991,2022-08-01,2022-08-11,http://www.animal.go.kr/files/shelter/2022/07/202208011708741.jpg,종료(입양),M,N,"페르시아 믹스 , 귀엽고 사랑스러움, 50일 추정",평택시유기동물보호소,031-8024-3849,경기도 평택시 진위면 야막길 108-86 (진위면),경기도 평택시,평택시,031-8024-3808
441391202201755,http://www.animal.go.kr/files/shelter/2022/07/202208011708496_s.jpg,2022-08-01,송탄동 : 가재동 414-1,[고양이] 믹스묘,고등어,2022(년생),0.45(Kg),경기-평택-2022-00990,2022-08-01,2022-08-11,http://www.animal.go.kr/files/shelter/2022/07/202208011708496.jpg,종료(입양),M,N,"페르시아 믹스 , 귀엽고 사랑스러움, 50일 추정",평택시유기동물보호소,031-8024-3849,경기도 평택시 진위면 야막길 108-86 (진위면),경기도 평택시,평택시,031-8024-3808
441391202201754,http://www.animal.go.kr/files/shelter/2022/07/202208011608267_s.jpg,2022-08-01,송탄동 : 가재동 414-1,[고양이] 믹스묘,고등어,2022(년생),0.4(Kg),경기-평택-2022-00989,2022-08-01,2022-08-11,http://www.animal.go.kr/files/shelter/2022/07/202208011608267.jpg,종료(입양),F,N,"페르시아 믹스 , 귀엽고 사랑스러움, 50일 추정",평택시유기동물보호소,031-8024-3849,경기도 평택시 진위면 야막길 108-86 (진위면),경기도 평택시,평택시,031-8024-3808
441391202201753,http://www.animal.go.kr/files/shelter/2022/07/202208011608137_s.jpg,2022-08-01,서정동 : 서정로 40-23,[기타축종],검정,2022(년생),0.8(Kg),경기-평택-2022-00988,2022-08-01,2022-08-11,http://www.animal.go.kr/files/shelter/2022/07/202208011608137.jpg,종료(입양),M,N,"닭, 튼튼해 보임",평택시유기동물보호소,031-8024-3849,경기도 평택시 진위면 야막길 108-86 (진위면),경기도 평택시,평택시,031-8024-3808
441391202201752,http://www.animal.go.kr/files/shelter/2022/07/202208011608384_s.jpg,2022-08-01,청북읍 : 청북 중앙로 692-21,[고양이] 한국 고양이,삼색,2020(년생),3(Kg),경기-평택-2022-00987,2022-08-01,2022-08-11,http://www.animal.go.kr/files/shelter/2022/07/202208011608384.jpg,보호중,F,U,기립불능,평택시유기동물보호소,031-8024-3849,경기도 평택시 진위면 야막길 108-86 (진위면),경기도 평택시,평택시,031-8024-3808
441391202201751,http://www.animal.go.kr/files/shelter/2022/07/202208011608391_s.jpg,2022-08-01,안중읍 : 안중읍 금곡리 우림아파트 107동 8층,[고양이] 한국 고양이,흰/주황,2021(년생),2(Kg),경기-평택-2022-00986,2022-08-01,2022-08-11,http://www.animal.go.kr/files/shelter/2022/07/202208011608391.jpg,보호중,F,U,사람을 좋아하고 눈에 상처가 조금 있음,평택시유기동물보호소,031-8024-3849,경기도 평택시 진위면 야막길 108-86 (진위면),경기도 평택시,평택시,031-8024-3808
441390202200518,http://www.animal.go.kr/files/shelter/2022/07/202208021308655_s.jpg,2022-08-01,광명시청에서 인수,[개] 믹스견,갈백,2019(년생),5(Kg),경기-광명-2022-00136,2022-08-01,2022-08-11,http://www.animal.go.kr/files/shelter/2022/07/202208021308655.jpg,종료(반환),M,U,빨간하네스,한국야생동물보호협회,031-296-0124,경기도 안산시 상록구 청곡길 50 (부곡동) 한국야생동물보호협회,경기도 광명시,김진호,02-2680-2329
441390202200517,http://www.animal.go.kr/files/shelter/2022/07/202208011408134_s.jpg,2022-08-01,금하로472부근,[개] 시바,갈백,2019(년생),10(Kg),경기-광명-2022-00135,2022-08-01,2022-08-16,http://www.animal.go.kr/files/shelter/2022/07/202208011408134.jpg,종료(반환),M,Y,"빨간목줄,털갈이중",한국야생동물보호협회,031-296-0124,경기도 안산시 상록구 청곡길 50 (부곡동) 한국야생동물보호협회,경기도 광명시,김진호,02-2680-2329
441386202200590,http://www.animal.go.kr/files/shelter/2022/07/202208011908729_s.jpg,2022-08-01,원미동 73-1,[개] 불독,흰갈,2018(년생),20(Kg),경기-부천-2022-00492,2022-08-01,2022-08-11,http://www.animal.go.kr/files/shelter/2022/07/202208011908729.jpg,종료(반환),F,U,"순함, 우측 눈가 상처",가나동물병원,032-665-0075,경기도 부천시 경인로 72 (송내동),경기도 부천시,부천시,032-625-2803
441386202200589,http://www.animal.go.kr/files/shelter/2022/07/202208081608899_s.jpg,2022-08-01,수도로 338-1,[고양이] 한국 고양이,"흰색, 노랑색",2022(년생),0.7(Kg),경기-부천-2022-00491,2022-08-01,2022-08-11,http://www.animal.go.kr/files/shelter/2022/07/202208081608899.jpg,종료(입양),M,N,"3개월 추정, 마름, 허피스, 순함, 호기심 많음",24시아이동물메디컬,032-677-5262,경기도 부천시 오정구 원종동 229-8,경기도 부천시,부천시,032-625-2803
441386202200588,http://www.animal.go.kr/files/shelter/2022/07/202208011608718_s.jpg,2022-08-01,원미동 39-1,[개] 푸들,갈색,2019(년생),4(Kg),경기-부천-2022-00490,2022-08-01,2022-08-11,http://www.animal.go.kr/files/shelter/2022/07/202208011608718.jpg,종료(반환),F,U,순함.내장칩 확인.보호자 연락함.,가야동물병원,032-655-3500,경기도 부천시 부천로 69 (심곡동) 가야동물병원,경기도 부천시,부천시,032-625-2803
441386202200587,http://www.animal.go.kr/files/shelter/2022/07/202208011108219_s.jpg,2022-08-01,부일로 519,[개] 포메라니안,갈색,2014(년생),4.7(Kg),경기-부천-2022-00489,2022-08-01,2022-08-11,http://www.animal.go.kr/files/shelter/2022/07/202208011108219.jpg,종료(반환),M,Y,"겁많음, 눈물자국",24시아이동물메디컬,032-677-5262,경기도 부천시 오정구 원종동 229-8,경기도 부천시,부천시,032-625-2803
441383202200444,http://www.animal.go.kr/files/shelter/2022/07/202208021208877_s.jpg,2022-08-01,안양시청에서 인수,[고양이] 한국 고양이,갈백,2021(년생),2(Kg),경기-안양-2022-00185,2022-08-01,2022-08-11,http://www.animal.go.kr/files/shelter/2022/07/202208021208877.jpg,보호중,M,U,순함,한국야생동물보호협회,031-296-0124,경기도 안산시 상록구 청곡길 50 (부곡동),경기도 안양시,안양시,031-8045-2605
441383202200443,http://www.animal.go.kr/files/shelter/2022/07/202208021208900_s.jpg,2022-08-01,안양시청에서 인수,[개] 포메라니안,갈백흑,2019(년생),3(Kg),경기-안양-2022-00184,2022-08-01,2022-08-10,http://www.animal.go.kr/files/shelter/2022/07/202208021208900.jpg,종료(반환),F,U,"빨간하네스,순함",한국야생동물보호협회,031-296-0124,경기도 안산시 상록구 청곡길 50 (부곡동),경기도 안양시,안양시,031-8045-2605
441378202201623,http://www.animal.go.kr/files/shelter/2022/07/202208011008441_s.jpg,2022-08-01,산성대로 595,[개] 포메라니안,황갈색,2021(년생),5.32(Kg),경기-성남-2022-00525,2022-08-01,2022-08-11,http://www.animal.go.kr/files/shelter/2022/07/202208011008441.jpg,종료(반환),M,Y,1살 추정 순함,펫토피아동물병원,031-714-8392,"경기도 성남시 분당구 불정로 266 (수내동, 유신제일조합)",경기도 성남시,성남시청 동물보호팀,031-729-3287
441374202200768,http://www.animal.go.kr/files/shelter/2022/07/202208011708689_s.jpg,2022-08-01,권선구 매송고색로 853,[개] 라브라도 리트리버,연갈색,2015(년생),32(Kg),경기-수원-2022-00487,2022-08-01,2022-08-11,http://www.animal.go.kr/files/shelter/2022/07/202208011708689.jpg,종료(반환),F,U,내장칩 있음,수원시 동물보호센터,031-228-3557,"경기도 수원시 영통구 광교호수로 234 (하동, 수원시 동물보호센터) 하동 40-10",경기도 수원시,수원시,031-228-3162
431372202200377,http://www.animal.go.kr/files/shelter/2022/07/202208011708353_s.jpg,2022-08-01,북구 화봉동 탑마트사거리,[고양이] 한국 고양이,턱시도,2022(년생),0.38(Kg),울산-북구-2022-00198,2022-08-01,2022-08-11,http://www.animal.go.kr/files/shelter/2022/07/202208011708353.jpg,종료(입양),F,N,사람 손을 탔음,정철동물병원,052-287-0348,울산광역시 북구 진장17길 11 (진장동) 정철동물병원,울산광역시 북구,구리라,052-241-8085
430368202200331,http://www.animal.go.kr/files/shelter/2022/07/202208011308765_s.jpg,2022-08-01,장동 산림욕장,[개] 믹스견,황색,2018(년생),5(Kg),대전-대덕-2022-00184,2022-08-01,2022-08-11,http://www.animal.go.kr/files/shelter/2022/07/202208011308765.jpg,보호중,M,U,,대전동물보호센터,042-825-1118,대전광역시 유성구 금남구즉로 1234 (금고동) 대전광역시 동물보호센터,대전광역시 대덕구,대덕구,042-608-6951
430366202200240,http://www.animal.go.kr/files/shelter/2022/07/202208011708991_s.jpg,2022-08-01,대전 서구 만년동 653 부근,[개] 치와와,백색,2018(년생),3(Kg),대전-서구-2022-00241,2022-08-01,2022-08-11,http://www.animal.go.kr/files/shelter/2022/07/202208011708991.png,종료(입양),F,U,,대전동물보호센터,042-825-1118,대전광역시 유성구 금남구즉로 1234 (금고동) 대전광역시 동물보호센터,대전광역시 서구,서구,042-288-2480
430366202200239,http://www.animal.go.kr/files/shelter/2022/07/20220801170897_s.jpg,2022-08-01,대전 서구 정림동 5-73 부근,[개] 믹스견,"흑,백",2022(년생),2(Kg),대전-서구-2022-00240,2022-08-01,2022-08-11,http://www.animal.go.kr/files/shelter/2022/07/20220801170897.png,보호중,F,U,,대전동물보호센터,042-825-1118,대전광역시 유성구 금남구즉로 1234 (금고동) 대전광역시 동물보호센터,대전광역시 서구,서구,042-288-2480
429363202200455,http://www.animal.go.kr/files/shelter/2022/07/202208011808549_s.jpg,2022-08-01,광산구 신가119,[고양이] 한국 고양이,"검,노,흰",2022(년생),0.4(Kg),광주-광산-2022-00454,2022-08-01,2022-08-11,http://www.animal.go.kr/files/shelter/2022/07/202208011808549.jpg,종료(자연사),F,N,22-7825 허피스,광주 동물보호소,062-571-2808,광주광역시 북구 본촌마을길 27 (본촌동) 광주공역시 동물보호소,광주광역시 광산구,광산구,062-571-2808
429363202200454,http://www.animal.go.kr/files/shelter/2022/07/202208011408381_s.jpg,2022-08-01,광산구 신촌동,[개] 폼피츠,흰,2018(년생),6(Kg),광주-광산-2022-00453,2022-08-01,2022-08-11,http://www.animal.go.kr/files/shelter/2022/07/202208011408381.jpg,종료(반환),F,U,22-0787 그린,광주 동물보호소,062-571-2808,광주광역시 북구 본촌마을길 27 (본촌동) 광주공역시 동물보호소,광주광역시 광산구,광산구,062-571-2808
429363202200453,http://www.animal.go.kr/files/shelter/2022/07/202208011408801_s.jpg,2022-08-01,광산구 오운동,[개] 믹스견,흰,2022(년생),3(Kg),광주-광산-2022-00452,2022-08-01,2022-08-11,http://www.animal.go.kr/files/shelter/2022/07/202208011408801.jpg,보호중,F,N,22-0786 하동,광주 동물보호소,062-571-2808,광주광역시 북구 본촌마을길 27 (본촌동) 광주공역시 동물보호소,광주광역시 광산구,광산구,062-571-2808
429361202200293,http://www.animal.go.kr/files/shelter/2022/07/20220801150876_s.jpg,2022-08-01,남구 남구청,[개] 믹스견,"흰,갈",2019(년생),8(Kg),광주-남구-2022-00297,2022-08-01,2022-08-11,http://www.animal.go.kr/files/shelter/2022/07/20220801150876.jpg,종료(반환),F,U,22-0788 행구,광주 동물보호소,062-571-2808,광주광역시 북구 본촌마을길 27 (본촌동) 광주광역시 동물보호소,광주광역시 남구,남구,062-607-2754
429360202200413,http://www.animal.go.kr/files/shelter/2022/07/202208011808205_s.jpg,2022-08-01,서구 상무119,[고양이] 한국 고양이,"흰,노",2022(년생),0.3(Kg),광주-서구-2022-00345,2022-08-01,2022-08-11,http://www.animal.go.kr/files/shelter/2022/07/202208011808205.jpg,종료(자연사),M,N,22-7826 다리상처,광주 동물보호소,062-571-2808,광주광역시 북구 본촌마을길 27 (본촌동) 광주광역시 동물보호소,광주광역시 서구,서구,062-360-7373
428354202201249,http://www.animal.go.kr/files/shelter/2022/07/202208011708690_s.jpg,2022-08-01,부평구 부평대로165,[개] 믹스견,연갈색,2012(년생),6.3(Kg),인천-부평-2022-00649,2022-08-01,2022-08-11,http://www.animal.go.kr/files/shelter/2022/07/202208011708690.png,종료(자연사),M,N,"온몸 털 엉킴이 심함,좌안 녹내장,안구건조증,복부 커다란 물혹",조재진동물병원,032-518-3800,인천광역시 부평구 원적로 419 (산곡동),인천광역시 부평구,장상규,032-509-6554
428354202201248,http://www.animal.go.kr/files/shelter/2022/07/202208011508894_s.jpg,2022-08-01,청천동 396,[고양이] 한국 고양이,갈색삼색,2022(년생),0.28(Kg),인천-부평-2022-00648,2022-08-01,2022-08-11,http://www.animal.go.kr/files/shelter/2022/07/202208011508894.jpg,종료(입양),F,N,어미 잃은 새끼 길고양이로 문 앞에 버려져 있음,조재진동물병원,032-518-3800,인천광역시 부평구 원적로 419 (산곡동),인천광역시 부평구,장상규,032-509-6554
428354202201247,http://www.animal.go.kr/files/shelter/2022/07/202208011508714_s.jpg,2022-08-01,힘찬병원 주차장,[고양이] 페르시안,흰색,2021(년생),3.5(Kg),인천-부평-2022-00647,2022-08-01,2022-08-11,http://www.animal.go.kr/files/shelter/2022/07/202208011508714.png,종료(입양),M,Y,페르시안 추정됨,조재진동물병원,032-518-3800,인천광역시 부평구 원적로 419 (산곡동),인천광역시 부평구,장상규,032-509-6554
428354202201246,http://www.animal.go.kr/files/shelter/2022/07/202208011508478_s.jpg,2022-08-01,산곡119,[고양이] 한국 고양이,흰색,2022(년생),0.57(Kg),인천-부평-2022-00646,2022-08-01,2022-08-11,http://www.animal.go.kr/files/shelter/2022/07/202208011508478.png,종료(입양),M,N,흰색 고양이로 5-6주 추정함,조재진동물병원,032-518-3800,인천광역시 부평구 원적로 419 (산곡동),인천광역시 부평구,장상규,032-509-6554
428354202201245,http://www.animal.go.kr/files/shelter/2022/07/202208011508868_s.jpg,2022-08-01,삼산동 520,[고양이] 한국 고양이,삼색,2022(년생),0.5(Kg),인천-부평-2022-00645,2022-08-01,2022-08-11,http://www.animal.go.kr/files/shelter/2022/07/202208011508868.png,종료(자연사),F,N,설사있음  5주 추정,조재진동물병원,032-518-3800,인천광역시 부평구 원적로 419 (산곡동),인천광역시 부평구,장상규,032-509-6554
428354202201244,http://www.animal.go.kr/files/shelter/2022/07/202208011408847_s.jpg,2022-08-01,백마장 입구,[개] 시츄,갈색,2019(년생),3.75(Kg),인천-부평-2022-00644,2022-08-01,2022-08-11,http://www.animal.go.kr/files/shelter/2022/07/202208011408847.jpg,종료(입양),F,U,관리되어짐,짱구네동물병원,032-511-5515,인천광역시 부평구 평천로 356 (갈산동),인천광역시 부평구,장상규,032-509-6554
428354202201243,http://www.animal.go.kr/files/shelter/2022/07/202208011308168_s.jpg,2022-08-01,십정동 569,[개] 푸들,갈색,2016(년생),3.25(Kg),인천-부평-2022-00643,2022-08-01,2022-08-11,http://www.animal.go.kr/files/shelter/2022/07/202208011308168.jpg,종료(반환),F,U,활발함,짱구네동물병원,032-511-5515,인천광역시 부평구 평천로 356 (갈산동),인천광역시 부평구,장상규,032-509-6554
427348202200763,http://www.animal.go.kr/files/shelter/2022/07/202208011608999_s.jpg,2022-08-01,도깨비시장 인근,[고양이] 한국 고양이,치즈색,2022(년생),1(Kg),대구-달성-2022-00474,2022-08-01,2022-08-11,http://www.animal.go.kr/files/shelter/2022/07/202208011608999.jpg,보호중,M,N,"매우 예민하나 사람손은 탐,설사,구토,식욕부진",현풍동물병원,053-614-3570,대구광역시 달성군 유가읍 테크노공원로 51 (유가읍),대구광역시 달성군,동물보호 담당,053-668-3863
427348202200762,http://www.animal.go.kr/files/shelter/2022/07/202208011608877_s.jpg,2022-08-01,가창로 863,[고양이] 한국 고양이,흰검,2022(년생),0.1(Kg),대구-달성-2022-00473,2022-08-01,2022-08-11,http://www.animal.go.kr/files/shelter/2022/07/202208011608877.jpg,종료(자연사),Q,N,영양상태 안좋음,동인동물병원,053-424-4258,대구광역시 중구 동인동4가 국채보상로 724 (동인동4가) 가창면 관할,대구광역시 달성군,동물보호 담당,053-668-3863
427346202200762,http://www.animal.go.kr/files/shelter/2022/07/202208011708629_s.jpg,2022-08-01,만촌이마트,[고양이] 한국 고양이,삼색,2022(년생),0.3(Kg),대구-수성-2022-00510,2022-08-01,2022-08-11,http://www.animal.go.kr/files/shelter/2022/07/202208011708629.jpg,보호중,F,N,-,제니스동물병원,053-756-8293,대구광역시 수성구 달구벌대로 2475 (범어동),대구광역시 수성구,녹색환경과,053-666-2651
427346202200761,http://www.animal.go.kr/files/shelter/2022/07/202208011708606_s.jpg,2022-08-01,들안길네거리,[개] 포메라니안,갈색,2019(년생),4(Kg),대구-수성-2022-00509,2022-08-01,2022-08-11,http://www.animal.go.kr/files/shelter/2022/07/202208011708606.jpg,종료(반환),M,N,-,제니스동물병원,053-756-8293,대구광역시 수성구 달구벌대로 2475 (범어동),대구광역시 수성구,녹색환경과,053-666-2651
427346202200760,http://www.animal.go.kr/files/shelter/2022/07/20220801170804_s.jpg,2022-08-01,달구벌대로51길5,[고양이] 한국 고양이,치즈태비,2022(년생),0.3(Kg),대구-수성-2022-00508,2022-08-01,2022-08-11,http://www.animal.go.kr/files/shelter/2022/07/20220801170804.jpg,보호중,M,N,-,제니스동물병원,053-756-8293,대구광역시 수성구 달구벌대로 2475 (범어동),대구광역시 수성구,녹색환경과,053-666-2651
427346202200759,http://www.animal.go.kr/files/shelter/2022/07/202208011308369_s.jpg,2022-08-01,시지 유니클로앞 도로,[개] 치와와,검은색,2016(년생),1.8(Kg),대구-수성-2022-00507,2022-08-01,2022-08-11,http://www.animal.go.kr/files/shelter/2022/07/202208011308369.jpg,종료(입양),F,U,매우 순함,펫동물병원,053-474-9820,대구광역시 수성구 달구벌대로 3144 (노변동) 펫동물병원,대구광역시 수성구,녹색환경과,053-666-2651
427346202200758,http://www.animal.go.kr/files/shelter/2022/07/202208011208755_s.jpg,2022-08-01,신천동로,[개] 믹스견,흰색+노란색,2022(년생),14.9(Kg),대구-수성-2022-00506,2022-08-01,2022-08-11,http://www.animal.go.kr/files/shelter/2022/07/202208011208755.jpg,종료(반환),F,U,매우 순함. 일요일부터 신청동로에서 발견,신세계동물병원,053-751-6693,대구광역시 수성구 수성동1가 명덕로 393 (수성동1가),대구광역시 수성구,녹색환경과,053-666-2651
427346202200757,http://www.animal.go.kr/files/shelter/2022/07/202208011108634_s.jpg,2022-08-01,창고,[고양이] 한국 고양이,고등어,2022(년생),0.28(Kg),대구-수성-2022-00505,2022-08-01,2022-08-11,http://www.animal.go.kr/files/shelter/2022/07/202208011108634.jpg,종료(자연사),M,N,활발함.,신세계동물병원,053-751-6693,대구광역시 수성구 수성동1가 명덕로 393 (수성동1가),대구광역시 수성구,녹색환경과,053-666-2651
427346202200756,http://www.animal.go.kr/files/shelter/2022/07/202208011108104_s.jpg,2022-08-01,창고,[고양이] 한국 고양이,고등어+치즈태비,2022(년생),0.18(Kg),대구-수성-2022-00504,2022-08-01,2022-08-11,http://www.animal.go.kr/files/shelter/2022/07/202208011108104.jpg,종료(자연사),M,N,순함.,신세계동물병원,053-751-6693,대구광역시 수성구 수성동1가 명덕로 393 (수성동1가),대구광역시 수성구,녹색환경과,053-666-2651
427346202200755,http://www.animal.go.kr/files/shelter/2022/07/202208011108999_s.jpg,2022-08-01,자택창고,[고양이] 한국 고양이,고등어태비,2022(년생),0.3(Kg),대구-수성-2022-00503,2022-08-01,2022-08-11,http://www.animal.go.kr/files/shelter/2022/07/202208011108999.jpg,종료(입양),F,N,"귀여움, 순함",허동물병원,053-752-7535,대구광역시 수성구 수성동2가 명덕로 421 (수성동2가) 허동물병원,대구광역시 수성구,녹색환경과,053-666-2651
427343202200646,http://www.animal.go.kr/files/shelter/2022/07/202208011908827_s.jpg,2022-08-01,상리공원,[개] 믹스견,흑갈색,2022(년생),0.28(Kg),대구-서구-2022-00413,2022-08-01,2022-08-11,http://www.animal.go.kr/files/shelter/2022/07/202208011908827.jpg,종료(자연사),F,N,"7일령이내, 눈도 안뜸",대구시수의사회(더펫),070-4293-0622,대구광역시 서구 서대구로 361 (비산동) 2층,대구광역시 서구,송민서,053-663-2644
427343202200645,http://www.animal.go.kr/files/shelter/2022/07/202208011908420_s.jpg,2022-08-01,상리공원,[개] 믹스견,흑갈색,2022(년생),0.37(Kg),대구-서구-2022-00412,2022-08-01,2022-08-11,http://www.animal.go.kr/files/shelter/2022/07/202208011908420.jpg,종료(입양),F,N,"7일령이내, 눈도 안뜸",대구시수의사회(더펫),070-4293-0622,대구광역시 서구 서대구로 361 (비산동) 2층,대구광역시 서구,송민서,053-663-2644
427343202200644,http://www.animal.go.kr/files/shelter/2022/07/202208011808173_s.jpg,2022-08-01,서구 상리공원안,[개] 믹스견,검갈색,2022(년생),0.2(Kg),대구-서구-2022-00411,2022-08-01,2022-08-11,http://www.animal.go.kr/files/shelter/2022/07/202208011808173.jpg,종료(자연사),M,N,눈뜨지않은 상태,대구시수의사회(보경),053-559-9020,대구광역시 서구 달서로 165 (비산동),대구광역시 서구,송민서,053-663-2644
427343202200643,http://www.animal.go.kr/files/shelter/2022/07/20220801180873_s.jpg,2022-08-01,상리공원(안),[개] 믹스견,흑,2022(년생),0.6(Kg),대구-서구-2022-00410,2022-08-01,2022-08-11,http://www.animal.go.kr/files/shelter/2022/07/20220801180873.jpg,보호중,M,N,눈도뜨지 않은상태,대구시수의사회(삼성),053-556-8575,대구광역시 서구 서대구로 24 (내당동),대구광역시 서구,송민서,053-663-2644
427343202200642,http://www.animal.go.kr/files/shelter/2022/07/202208011808178_s.jpg,2022-08-01,상리공원(안),[개] 믹스견,브라운,2022(년생),0.32(Kg),대구-서구-2022-00409,2022-08-01,2022-08-11,http://www.animal.go.kr/files/shelter/2022/07/202208011808178.jpg,보호중,M,N,눈을 못뜬 상태,대구시수의사회(더난),053-552-0075,대구광역시 서구 국채보상로 176 (중리동),대구광역시 서구,송민서,053-663-2644
427343202200641,http://www.animal.go.kr/files/shelter/2022/07/202208011808431_s.jpg,2022-08-01,상라공원(안),[개] 믹스견,닥크 브라운,2022(년생),0.34(Kg),대구-서구-2022-00408,2022-08-01,2022-08-11,http://www.animal.go.kr/files/shelter/2022/07/202208011808431.jpg,보호중,M,N,눈을 못뜬상태   코부분과 발끝이 흰색,대구시수의사회(더난),053-552-0075,대구광역시 서구 국채보상로 176 (중리동),대구광역시 서구,송민서,053-663-2644
427343202200640,http://www.animal.go.kr/files/shelter/2022/07/202208011808886_s.jpg,2022-08-01,상리공원 양궁장,[개] 믹스견,황,2022(년생),0.36(Kg),대구-서구-2022-00406,2022-08-01,2022-08-11,http://www.animal.go.kr/files/shelter/2022/07/202208011808886.jpg,보호중,M,N,눈도 뜨지 않은상태,대구시수의사회(삼성),053-556-8575,대구광역시 서구 서대구로 24 (내당동),대구광역시 서구,송민서,053-663-2644
427343202200633,http://www.animal.go.kr/files/shelter/2022/07/202208011408542[1]_s.jpg,2022-08-01,평리2동1130-91,[고양이] 한국 고양이,"황,백,흑",2022(년생),0.6(Kg),대구-서구-2022-00405,2022-08-01,2022-08-11,http://www.animal.go.kr/files/shelter/2022/07/202208011408542[1].jpg,보호중,M,N,2개월령,대구시수의사회(삼성),053-556-8575,대구광역시 서구 서대구로 24 (내당동),대구광역시 서구,송민서,053-663-2644
427343202200631,http://www.animal.go.kr/files/shelter/2022/07/202208011108544_s.jpg,2022-08-01,서구 달서천로 186일대,[고양이] 한국 고양이,흰색&검갈색,2022(년생),0.1(Kg),대구-서구-2022-00404,2022-08-01,2022-08-11,http://www.animal.go.kr/files/shelter/2022/07/202208011108544.jpg,종료(자연사),M,N,"3주령  양눈곱,콧물 심함",대구시수의사회(보경),053-559-9020,대구광역시 서구 달서로 165 (비산동),대구광역시 서구,송민서,053-663-2644
427342202200486,http://www.animal.go.kr/files/shelter/2022/07/202208011208980_s.jpg,2022-08-01,영조 아파트 부근,[고양이] 한국 고양이,노랑,2022(년생),3.27(Kg),대구-동구-2022-00239,2022-08-01,2022-08-11,http://www.animal.go.kr/files/shelter/2022/07/202208011208980.jpg,종료(자연사),M,Y,"귀 커팅, 교통사고 추정 의식 없음",대구유기동물보호센터,053-964-6258,대구광역시 동구 금강로 151-13 (금강동),대구광역시 동구,박우희,053-662-2654
427341202200450,http://www.animal.go.kr/files/shelter/2022/07/202208011308125[1]_s.jpg,2022-08-01,중부소방서 부근,[고양이] 한국 고양이,흰갈검,2022(년생),0.3(Kg),대구-중구-2022-00199,2022-08-01,2022-08-11,http://www.animal.go.kr/files/shelter/2022/07/202208011308125[1].jpg,종료(안락사),Q,U,순함,대구시수의사회(동인),070-4466-1575,대구광역시 중구 동인동4가 국채보상로 724,대구광역시 중구,중구 손세규,053-661-2648
427341202200449,http://www.animal.go.kr/files/shelter/2022/07/202208011308577_s[1].jpg,2022-08-01,국채보상공원 부근,[고양이] 한국 고양이,흰검갈,2022(년생),0.2(Kg),대구-중구-2022-00198,2022-08-01,2022-08-11,http://www.animal.go.kr/files/shelter/2022/07/202208011308577.jpg,종료(입양),Q,N,순함,대구시수의사회(동인),070-4466-1575,대구광역시 중구 동인동4가 국채보상로 724,대구광역시 중구,중구 손세규,053-661-2648
426340202200435,http://www.animal.go.kr/files/shelter/2022/07/202208011308987_s.jpg,2022-08-01,장안읍 고스락 식당,[고양이] 한국 고양이,"갈색, 검정색",2022(년생),0.44(Kg),부산-기장-2022-00207,2022-08-01,2022-08-11,http://www.animal.go.kr/files/shelter/2022/07/202208011308987.jpg,종료(입양),M,N,"3개월미만, 영양상태불량, 기력저하, 안질환",누리동물병원,051-701-7599,부산광역시 해운대구 송정2로13번길 46 (송정동),부산광역시 기장군,조성연,051-709-2894
426340202200434,http://www.animal.go.kr/files/shelter/2022/07/202208011308160_s.jpg,2022-08-01,동부산몰 안전실,[고양이] 한국 고양이,갈색,2022(년생),0.42(Kg),부산-기장-2022-00206,2022-08-01,2022-08-11,http://www.animal.go.kr/files/shelter/2022/07/202208011308160.jpg,보호중,M,N,"3개월미만추정, 영양상태불량, 안질환, 기력저하",누리동물병원,051-701-7599,부산광역시 해운대구 송정2로13번길 46 (송정동),부산광역시 기장군,조성연,051-709-2894
426340202200433,http://www.animal.go.kr/files/shelter/2022/07/202208011308362[2]_s.jpg,2022-08-01,일광읍 신평리 32-8,[고양이] 한국 고양이,"갈색, 흰색, 검정",2022(년생),1.1(Kg),부산-기장-2022-00205,2022-08-01,2022-08-11,http://www.animal.go.kr/files/shelter/2022/07/202208011308362[2].jpg,보호중,F,U,"보행이상, 뒷다리부상, 사고의심, 기력저하",누리동물병원,051-701-7599,부산광역시 해운대구 송정2로13번길 46 (송정동),부산광역시 기장군,조성연,051-709-2894
426340202200432,http://www.animal.go.kr/files/shelter/2022/07/202208011308892_s.jpg,2022-08-01,기장읍 연화1길 61 백화제방,[고양이] 한국 고양이,"갈색, 검정색",2022(년생),0.5(Kg),부산-기장-2022-00204,2022-08-01,2022-08-11,http://www.animal.go.kr/files/shelter/2022/07/202208011308892.jpg,보호중,F,U,"3개월 미만, 머리부상, 신경증상, 영양상태불량, 기력저하",누리동물병원,051-701-7599,부산광역시 해운대구 송정2로13번길 46 (송정동),부산광역시 기장군,조성연,051-709-2894
426340202200431,http://www.animal.go.kr/files/shelter/2022/07/20220801130835_s.jpg,2022-08-01,일광 달음커피 근처,[개] 믹스견,흰색,2017(년생),17(Kg),부산-기장-2022-00203,2022-08-01,2022-08-11,http://www.animal.go.kr/files/shelter/2022/07/20220801130835.jpg,종료(입양),F,U,순함,누리동물병원,051-701-7599,부산광역시 해운대구 송정2로13번길 46 (송정동),부산광역시 기장군,조성연,051-709-2894
426337202200393,http://www.animal.go.kr/files/shelter/2022/07/202208011308947_s.jpg,2022-08-01,연수로 89,[개] 포메라니안,흰색,2012(년생),4.0(Kg),부산-연제-2022-00182,2022-08-01,2022-08-11,http://www.animal.go.kr/files/shelter/2022/07/202208011308947.jpg,종료(반환),M,N,노령견(가슴줄착용),청조동물병원,051-503-0688,부산광역시 연제구 온천천남로 4 (연산동),부산광역시 연제구,김현정,051-665-4484
426337202200392,http://www.animal.go.kr/files/shelter/2022/07/202208011308624_s.jpg,2022-08-01,고분로 1,[고양이] 한국 고양이,흰색/검정색,2022(년생),1.0(Kg),부산-연제-2022-00181,2022-08-01,2022-08-11,http://www.animal.go.kr/files/shelter/2022/07/202208011308624.jpg,종료(자연사),M,N,운동장애,청조동물병원,051-503-0688,부산광역시 연제구 온천천남로 4 (연산동),부산광역시 연제구,김현정,051-665-4484
426337202200391,http://www.animal.go.kr/files/shelter/2022/07/202208011308643_s.jpg,2022-08-01,쌍미천로 151번길 50,[고양이] 한국 고양이,검정색/흰색,2022(년생),0.7(Kg),부산-연제-2022-00180,2022-08-01,2022-08-11,http://www.animal.go.kr/files/shelter/2022/07/202208011308643.jpg,종료(자연사),F,N,쇠약,청조동물병원,051-503-0688,부산광역시 연제구 온천천남로 4 (연산동),부산광역시 연제구,김현정,051-665-4484
426337202200390,http://www.animal.go.kr/files/shelter/2022/07/202208010908993_s.jpg,2022-08-01,연수로235번길 16,[고양이] 한국 고양이,갈검흰색,2022(년생),0.7(Kg),부산-연제-2022-00179,2022-08-01,2022-08-11,http://www.animal.go.kr/files/shelter/2022/07/202208010908993.jpg,종료(입양),F,N,쇠약,청조동물병원,051-503-0688,부산광역시 연제구 온천천남로 4 (연산동),부산광역시 연제구,김현정,051-665-4484
426336202200340,http://www.animal.go.kr/files/shelter/2022/07/202208011408452_s[1].jpg,2022-08-01,제도로1174-22,[개] 닥스훈트,검정,2017(년생),6.3(Kg),부산-강서-2022-00309,2022-08-01,2022-08-11,http://www.animal.go.kr/files/shelter/2022/07/202208011408452.jpg,보호중,M,N,온순함,(사)하얀비둘기,051-293-9779,부산광역시 강서구 제도로 726 (강동동),부산광역시 강서구,김세희,051-970-4814
426336202200339,http://www.animal.go.kr/files/shelter/2022/07/20220801140884_s.jpg,2022-08-01,평강역 인근,[개] 차우차우,갈색,2020(년생),18(Kg),부산-강서-2022-00308,2022-08-01,2022-08-11,http://www.animal.go.kr/files/shelter/2022/07/20220801140884.jpg,보호중,M,N,주황색 목태,(사)하얀비둘기,051-293-9779,부산광역시 강서구 제도로 726 (강동동),부산광역시 강서구,김세희,051-970-4814
411324202200469,http://www.animal.go.kr/files/shelter/2022/07/202208011208703_s.jpg,2022-08-01,명일동106-7,[고양이] 한국 고양이,고동,2022(년생),0.5(Kg),서울-강동-2022-00180,2022-08-01,2022-08-11,http://www.animal.go.kr/files/shelter/2022/07/202208011208703.jpg,종료(입양),F,N,2개월령 냥이(감기 증상 있음),둔촌동물병원,02-474-5100,서울특별시 강동구 양재대로 1385 (성내동) 둔촌동물병원,서울특별시 강동구,강동구청 반려동물팀,02-3425-6015
411324202200468,http://www.animal.go.kr/files/shelter/2022/07/202208011108177_s.jpg,2022-08-01,천호공원,[개] 닥스훈트,갈색,2016(년생),7.5(Kg),서울-강동-2022-00179,2022-08-01,2022-08-11,http://www.animal.go.kr/files/shelter/2022/07/202208011108177.jpeg,종료(반환),M,Y,중성화/양쪽슬개골 탈구 2기추정/사람잘따름/ 심잡음,강동구청 반려동물팀,02-3425-6015,"서울특별시 강동구 성내로 25 (성내동, 강동구청) 강동구청",서울특별시 강동구,강동구청 반려동물팀,02-3425-6015
411316202200718,http://www.animal.go.kr/files/shelter/2022/07/202208011508783_s.jpg,2022-08-01,개봉로 12길 12-1 인근,[개] 믹스견,검/흰,2017(년생),3.2(Kg),서울-구로-2022-00105,2022-08-01,2022-08-11,http://www.animal.go.kr/files/shelter/2022/07/202208011508783.jpg,보호중,M,Y,빨간목줄. 양귀처짐. 코검정. 송곳니 치석. 사람좋아함/활발/애교있음/낑낑댐.,한국동물구조관리협회,031-867-9119,경기도 양주시 남면 감악산로 63-37,서울특별시 구로구,질병관리과,02-860-2428
411302202200437,http://www.animal.go.kr/files/shelter/2022/07/20220801120866_s.jpg,2022-08-01,녹사평대로 46가 가길 7,[개] 라브라도 리트리버,크림,2018(년생),34.65(Kg),서울-용산-2022-00138,2022-08-01,2022-08-11,http://www.animal.go.kr/files/shelter/2022/07/20220801120866.jpg,종료(반환),F,U,친화적,이태원동물병원,02-797-6677,서울특별시 용산구 이태원동 531,서울특별시 용산구,안지영,02-2199-8054
